Time (hrs),Bacillus safensis,Bacillus safensis (std),Microbacterium arborescens,Microbacterium arborescens (std),Empty,Empty (std)
0,0.1106000021,0.0068000001,0.2178000063,0.1436000019,0.2879000008,0.1076999977
0.25,0.0997999981,0.0041,0.2409999967,0.1330000013,0.3027000129,0.1213999987
0.5000277778,0.0998999998,0.0043000001,0.2169999927,0.1326999962,0.3027999997,0.1247999966
0.7500277778,0.1001000032,0.0046999999,0.1898999959,0.1351000071,0.2951999903,0.1215000004
1.0000277778,0.1004000008,0.0049999999,0.1907999963,0.1353999972,0.2694999874,0.1202000007
1.2500277778,0.1005000025,0.0054000001,0.1908999979,0.134100005,0.2363000065,0.1234000027
1.5000555556,0.1006999984,0.0055,0.1921000034,0.1363999993,0.1976000071,0.1280000061
1.7500555556,0.1005999967,0.0055999998,0.1903000027,0.1352999955,0.1635999978,0.1330000013
2.0000555556,0.1010999978,0.0059000002,0.1914999932,0.1345999986,0.1509000063,0.1377999932
2.2500833333,0.1010000035,0.0059000002,0.1914000064,0.1354999989,0.1508000046,0.1352999955
2.5000833333,0.1014000028,0.0066,0.1904000044,0.1359000057,0.1512999982,0.1361999959
2.7500833333,0.1014000028,0.0071999999,0.1913000047,0.136500001,0.1501999944,0.1339000016
3.0000833333,0.1014999971,0.0071,0.1922000051,0.136500001,0.150000006,0.1332000047
3.2501111111,0.1018000022,0.0077,0.192900002,0.1383000016,0.1501999944,0.1333000064
3.5001111111,0.1018999964,0.0078999996,0.1920000017,0.1362999976,0.150000006,0.1324000061
3.7501111111,0.1020999998,0.0085000005,0.1923999935,0.1381999999,0.1492000073,0.1307999939
4.0001388889,0.1022000015,0.0085000005,0.1928000003,0.1386000067,0.1486999989,0.1290999949
4.2501388889,0.1020999998,0.0087000001,0.1933999956,0.1396999955,0.1475999951,0.1263999939
4.5001388889,0.1023000032,0.0087000001,0.1934999973,0.1395999938,0.1466999948,0.1237000003
4.7501388889,0.1026000008,0.0091000004,0.1938000023,0.1413999945,0.1458999962,0.1209999993
5.0001666667,0.1026000008,0.0091000004,0.194600001,0.1416999996,0.1455000043,0.1193000004
5.2501666667,0.1028999984,0.0093,0.1950999945,0.1437000036,0.1450999975,0.1185000017
5.5001666667,0.1031000018,0.0099999998,0.1947000027,0.1432999969,0.1453000009,0.116899997
5.7501944444,0.1032000035,0.0102000004,0.1959999949,0.1448999941,0.1447000057,0.1159000024
6.0001944444,0.1033999994,0.0099999998,0.1967000067,0.1448999941,0.1439999938,0.1128000021
6.2501944444,0.1040000021,0.0104999999,0.198300004,0.1466999948,0.143900007,0.1120000035
6.5001944444,0.1039000005,0.0104999999,0.1987999976,0.147300005,0.1437000036,0.1102000028
6.7502222222,0.1041999981,0.0115,0.1982000023,0.148300007,0.141900003,0.1064999998
7.0002222222,0.1048000008,0.0121999998,0.2001000047,0.1512999982,0.1424999982,0.1055999994
7.2502222222,0.1049000025,0.0124000004,0.201700002,0.1517000049,0.1418000013,0.1054000035
7.50025,0.1052000001,0.0120999999,0.202700004,0.1504999995,0.1407999992,0.1023999974
7.75025,0.1058999971,0.0136000002,0.2043000013,0.1538999975,0.1413999945,0.1030000001
8.00025,0.1053000018,0.0131999999,0.2038999945,0.1509000063,0.1411000043,0.1028999984
8.25025,0.1055999994,0.0135000004,0.2032999992,0.1491000056,0.1406999975,0.1001999974
8.5002777778,0.1062999964,0.0137999998,0.2047999948,0.1532000005,0.1407999992,0.1005000025
8.7502777778,0.1067000031,0.0144999996,0.2056999952,0.1511999965,0.1404000074,0.1001999974
9.0002777778,0.1064999998,0.0156999994,0.2061000019,0.150000006,0.140200004,0.1015999988
9.2503055556,0.1071000025,0.0166999996,0.2083999962,0.1520999968,0.1397999972,0.1020999998
9.5003055556,0.1076999977,0.0170000009,0.2107000053,0.1500999928,0.1405999959,0.1032999977
9.7503055556,0.108099997,0.0174000002,0.2124000043,0.1501999944,0.1393000036,0.1027000025
10.0003055556,0.1084000021,0.0181000009,0.2145999968,0.1504999995,0.1396999955,0.1030000001
10.2503333333,0.1084000021,0.0186999999,0.2169000059,0.148300007,0.1396999955,0.1040999964
10.5003333333,0.1093999967,0.0197999999,0.2205999941,0.1474999934,0.1400000006,0.1042999998
10.7503333333,0.1098999977,0.0211999994,0.2245000005,0.1451999992,0.1404999942,0.1068999991
11.0003611111,0.110799998,0.0230999999,0.2285999954,0.1476999968,0.1404000074,0.1066000015
11.2503611111,0.1111999974,0.0237000007,0.2338999957,0.1448999941,0.1400000006,0.1049999967
11.5003611111,0.1114000008,0.0242999997,0.2372999936,0.1463000029,0.1404999942,0.1063999981
11.7503611111,0.1115999967,0.0252,0.2463999987,0.1453000009,0.1406999975,0.1074000001
12.0003888889,0.1115999967,0.0260000005,0.2549999952,0.148300007,0.1410000026,0.1083000004
12.2503888889,0.1111999974,0.0259000007,0.2588,0.1469999999,0.1404999942,0.1076000035
12.5003888889,0.1114000008,0.0264999997,0.2718999982,0.1534000039,0.141200006,0.1086999997
12.7504166667,0.1112999991,0.0269000009,0.2897000015,0.1560000032,0.1404999942,0.1074000001
13.0004166667,0.1111999974,0.0272000004,0.2930000126,0.1569000036,0.1409000009,0.1086999997
13.2504166667,0.1115000024,0.0284000002,0.3167000115,0.1701000035,0.1397999972,0.1049999967
13.5004166667,0.1118000001,0.0284000002,0.3276000023,0.1806000024,0.1404999942,0.1076999977
13.7504444444,0.1120000035,0.0287999995,0.3357999921,0.1817999929,0.1406999975,0.108099997
14.0004444444,0.1123000011,0.0292000007,0.3379000127,0.1871999949,0.140200004,0.1064999998
14.2504444444,0.112999998,0.0306000002,0.3400000036,0.1829999983,0.140200004,0.1067999974
14.5004444444,0.112999998,0.0300999992,0.3350000083,0.176699996,0.1403000057,0.1068999991
14.7504722222,0.1130999997,0.0304000005,0.3605000079,0.1894000024,0.139500007,0.1050999984
15.0004722222,0.1133999974,0.0307999998,0.3583999872,0.1899999976,0.1403000057,0.1071000025
15.2504722222,0.113499999,0.0308999997,0.3725000024,0.1985999942,0.1398999989,0.1055999994
15.5005,0.1137000024,0.0315999985,0.3813999891,0.197300002,0.1405999959,0.1079000011
15.7505,0.1138999984,0.0313999988,0.3874000013,0.2108999938,0.1401000023,0.1062999964
16.0005,0.1142000034,0.0318000019,0.397300005,0.215200007,0.1403000057,0.1067000031
16.2505,0.1138999984,0.0318000019,0.4217000008,0.2273000032,0.140200004,0.1063999981
16.5005277778,0.1138999984,0.0322000012,0.4275999963,0.2293000072,0.1404000074,0.1068999991
16.7505277778,0.1138999984,0.0324999988,0.4406999946,0.239199996,0.1393000036,0.1035000011
17.0005277778,0.1137999967,0.0313999988,0.4550000131,0.2465000004,0.1400000006,0.1045000032
17.2505555556,0.1137999967,0.0324999988,0.4783000052,0.2563000023,0.1388999969,0.1022000015
17.5005555556,0.1140000001,0.0322999991,0.4727999866,0.2556000054,0.1386000067,0.1002999991
17.7505555556,0.1142000034,0.0324000008,0.4846000075,0.264200002,0.1388999969,0.1014000028
18.0005555556,0.1146000028,0.0333999991,0.5303000212,0.307099998,0.1391000003,0.1023999974
18.2505833333,0.114699997,0.0326999985,0.5127000213,0.293900013,0.1391000003,0.1017000005
18.5005833333,0.1146000028,0.0305000003,0.5382999778,0.3010999858,0.1379999965,0.0980999991
18.7505833333,0.1150999963,0.0308999997,0.5501999855,0.3138000071,0.1380999982,0.0984999985
19.0006111111,0.1158000007,0.0315999985,0.5626000166,0.3158999979,0.1381999999,0.0988000035
19.2506111111,0.1160999984,0.0310999993,0.5485000014,0.3257000148,0.1376000047,0.0970999971
19.5006111111,0.1167000011,0.0318000019,0.5715000033,0.3364000022,0.1369999945,0.0956000015
19.7506111111,0.1169999987,0.0315000005,0.5974000096,0.3594999909,0.136500001,0.0939999968
20.0006388889,0.1177000031,0.0307999998,0.6115000248,0.3662999868,0.1367000043,0.0938000008
20.2506388889,0.1181000024,0.0307999998,0.6158000231,0.3815999925,0.1363999993,0.0927999988
20.5006388889,0.1182999983,0.0300999992,0.6274999976,0.388500005,0.1360000074,0.0910999998
20.7506666667,0.1186999977,0.0299999993,0.6340000033,0.3855000138,0.1353999972,0.0894000009
21.0006666667,0.1190000027,0.0299999993,0.6434999704,0.3867999911,0.1342000067,0.0857999995
21.2506666667,0.1194999963,0.0298999995,0.647300005,0.3829999864,0.134800002,0.0872000009
21.5006666667,0.1203000024,0.0295000002,0.6449000239,0.3758000135,0.1343999952,0.0846000016
21.7506944444,0.1213999987,0.0294000003,0.6432999969,0.3720999956,0.1347000003,0.0842000023
22.0006944444,0.1225999966,0.0300999992,0.6441000104,0.3720000088,0.1349000037,0.0828000009
22.2506944444,0.1231999993,0.0295000002,0.6463999748,0.3725999892,0.1328999996,0.0780000016
22.5007222222,0.1242000014,0.0295000002,0.6495000124,0.3743000031,0.1333000064,0.0772999972
22.7507222222,0.1247999966,0.0296999998,0.6518999934,0.3745999932,0.1328999996,0.0766000003
23.0007222222,0.1262000054,0.0304000005,0.6554999948,0.3741999865,0.1330000013,0.0753000006
23.2507222222,0.1268000007,0.0287999995,0.6589000225,0.3732999861,0.132100001,0.0746000037
23.50075,0.1278000027,0.0280000009,0.6583999991,0.3718000054,0.132100001,0.0746000037
23.75075,0.1295000017,0.0296,0.6599000096,0.3711000085,0.133100003,0.0755999982
24.00075,0.1307000071,0.0294000003,0.6617000103,0.3675000072,0.1325999945,0.0759000033
24.25075,0.132100001,0.0289999992,0.6650000215,0.3653999865,0.1332000047,0.0763000026
24.5007777778,0.1333999932,0.0284000002,0.6699000001,0.3650000095,0.131400004,0.0744000003
24.7507777778,0.1350000054,0.0285,0.6737999916,0.3659000099,0.1318999976,0.0762000009
25.0007777778,0.1360000074,0.0282000005,0.6808999777,0.3659999967,0.1316000074,0.0754999965
25.2508055556,0.1380999982,0.0281000007,0.6873999834,0.3668000102,0.131400004,0.0754000023
25.5008055556,0.1391000003,0.0273000002,0.6919999719,0.3684000075,0.1312000006,0.0754999965
25.7508055556,0.1400000006,0.0266999993,0.6981999874,0.3686999977,0.1316000074,0.0758000016
26.0008333333,0.1414999962,0.0274,0.700699985,0.3686999977,0.1318999976,0.0769999996
26.2508333333,0.1422999948,0.0272000004,0.7063999772,0.3707000017,0.1316999942,0.077200003
26.5008333333,0.1430000067,0.0261000004,0.7135999799,0.3716000021,0.1316000074,0.077200003
26.7508333333,0.1445000023,0.0270000007,0.7157999873,0.3707999885,0.1318999976,0.0785000026
27.0008611111,0.1459999979,0.0275999997,0.722299993,0.3731999993,0.1316999942,0.0778999999
27.2508611111,0.1474999934,0.0286999997,0.7240999937,0.3716999888,0.1322000027,0.0797000006
27.5008611111,0.1488000005,0.0274,0.7254999876,0.3725000024,0.1319999993,0.0785000026
27.7508611111,0.1506000012,0.0278999992,0.7315000296,0.3729000092,0.1328999996,0.0813999996
28.0008888889,0.1524000019,0.0281000007,0.7358000278,0.3716999888,0.1316999942,0.0782999992
28.2508888889,0.1544999927,0.0285999998,0.7358000278,0.3720000088,0.1325999945,0.0810000002
28.5008888889,0.1565999985,0.0284000002,0.7427999973,0.3745999932,0.1330000013,0.0819000006
28.7509166667,0.1583999991,0.0277999993,0.7465999722,0.3734999895,0.1322000027,0.0794999972
29.0009166667,0.1608999968,0.0287999995,0.7509999871,0.3740999997,0.1325999945,0.0810000002
29.2509166667,0.1629000008,0.0277999993,0.7545999885,0.3754000068,0.1322000027,0.0798999965
29.5009166667,0.1656000018,0.0285,0.7598999739,0.3768000007,0.132100001,0.0794999972
29.7509444444,0.1676999927,0.0262000002,0.7598000169,0.3747999966,0.1324000061,0.0804999992
30.0009444444,0.170599997,0.0267999992,0.7637000084,0.3738999963,0.132100001,0.079400003
30.2509444444,0.1738000065,0.0278999992,0.7634999752,0.3736000061,0.1334999949,0.0828000009
30.5009444444,0.1761000007,0.0270000007,0.7670999765,0.3756999969,0.1333999932,0.0829000026
30.7509722222,0.1777999997,0.0251000002,0.7725999951,0.3761000037,0.1316000074,0.0781000033
31.0009722222,0.1806000024,0.0259000007,0.771600008,0.375,0.1334999949,0.0832000002
31.2509722222,0.1833000034,0.0269000009,0.7759000063,0.3754999936,0.1332000047,0.0829000026
31.501,0.1850000024,0.0262000002,0.7796999812,0.3772000074,0.1327999979,0.0812000036
31.751,0.1865999997,0.0240000002,0.7839000225,0.3774000108,0.1324999928,0.0800999999
32.001,0.1886000037,0.0244999994,0.78549999,0.3759999871,0.1324999928,0.0807999969
32.251,0.191200003,0.0250000004,0.7890999913,0.3790000081,0.132100001,0.0797000006
32.5010277778,0.1931000054,0.0249000005,0.7922999859,0.3824999928,0.1315000057,0.077200003
32.7510277778,0.1949999928,0.0242999997,0.7947999835,0.3837000132,0.1316000074,0.0785999969
33.0010277778,0.1976999938,0.0254999995,0.7960000038,0.3856000006,0.1312000006,0.0768000036
33.2510555556,0.1996999979,0.0247000009,0.795599997,0.3844000101,0.1309999973,0.0762000009
33.5010555556,0.2022999972,0.0252,0.7950000167,0.3826000094,0.1316999942,0.0778999999
33.7510555556,0.2050999999,0.0260000005,0.7953000069,0.3822000027,0.131400004,0.077200003
34.0010833333,0.2081999928,0.0266999993,0.7960000038,0.3855000138,0.1305000037,0.0744000003
34.2510833333,0.210800007,0.0252,0.7971000075,0.3876999915,0.1301999986,0.0734999999
34.5010833333,0.2134999931,0.0261000004,0.8030999899,0.3889000118,0.1294,0.0709000006
34.7510833333,0.2158000022,0.0241,0.801699996,0.3896000087,0.1283999979,0.0676999986
35.0011111111,0.2176000029,0.0255999994,0.8003000021,0.3903999925,0.1273999959,0.065200001
35.2511111111,0.2196999937,0.0245999992,0.8055999875,0.393599987,0.1282999963,0.0658999979
35.5011111111,0.2225999981,0.0252,0.8036999702,0.3910999894,0.1278000027,0.064000003
35.7511111111,0.2255000025,0.0240000002,0.8058999777,0.3941000104,0.1272000074,0.0627999976
36.0011388889,0.2274000049,0.0244999994,0.7987999916,0.3957000077,0.1292999983,0.0643000007
36.2511388889,0.2301999927,0.0263999999,0.7965000272,0.3950999975,0.1300999969,0.0658000037
36.5011388889,0.2325000018,0.0255999994,0.7978000045,0.3964000046,0.1288000047,0.0631000027
36.7511666667,0.2345999926,0.0253999997,0.8029000163,0.3971000016,0.1299999952,0.0653999969
37.0011666667,0.236499995,0.0250000004,0.8127999902,0.4025999904,0.1280999929,0.0621000007
37.2511666667,0.2377000004,0.0240000002,0.8083999753,0.4004000127,0.1275999993,0.061999999
37.5011666667,0.2389999926,0.0231999997,0.8169000149,0.404700011,0.1275999993,0.0612000003
37.7511944444,0.240899995,0.0232999995,0.8223999739,0.4034000039,0.1269000024,0.0603
38.0011944444,0.2425000072,0.0238000005,0.8219000101,0.4052000046,0.1272000074,0.0606000014
38.2511944444,0.2442999929,0.023,0.8289999962,0.4061000049,0.1272999942,0.059700001
38.5012222222,0.2460000068,0.0245999992,0.8332999945,0.4077000022,0.1274999976,0.0621999986
38.7512222222,0.2466000021,0.0237000007,0.8356000185,0.4052999914,0.1271000057,0.061999999
39.0012222222,0.2470999956,0.0222999994,0.8460999727,0.4099000096,0.1262000054,0.0599000007
39.2512222222,0.2486999929,0.0231999997,0.8514999747,0.4131000042,0.1273999959,0.063500002
39.50125,0.2495999932,0.0230999999,0.8521999717,0.4106000066,0.126000002,0.0603
39.75125,0.2511999905,0.0230999999,0.8582000136,0.4154999852,0.1261000037,0.0612999983
40.00125,0.2515000105,0.0228000004,0.861199975,0.4131000042,0.1259000003,0.0615000017
40.25125,0.2529000044,0.0233999994,0.8661999702,0.4162999988,0.1263000071,0.0623000003
40.5012777778,0.2540000081,0.023,0.8708000183,0.4189999998,0.1273999959,0.0640999973
40.7512777778,0.2545999885,0.023,0.8730000257,0.4183000028,0.126699999,0.063500002
41.0012777778,0.2558999956,0.0241999999,0.8751000166,0.4205000103,0.1279000044,0.0669
41.2513055556,0.2569999993,0.0240000002,0.8791999817,0.4223999977,0.1281999946,0.0680000037
41.5013055556,0.2579999864,0.0239000004,0.8838000298,0.4221000075,0.1275999993,0.0662999973
41.7513055556,0.2590000033,0.0244999994,0.8859999776,0.4235000014,0.1290999949,0.0700000003
42.0013333333,0.2590999901,0.0233999994,0.8924999833,0.421600014,0.1280000061,0.0671999976
42.2513333333,0.2601000071,0.0232999995,0.8946999907,0.4241999984,0.1278000027,0.0665000007
42.5013333333,0.260800004,0.0240000002,0.8982999921,0.4264000058,0.1282999963,0.0681999996
42.7513333333,0.261500001,0.0233999994,0.9014000297,0.4277000129,0.1283999979,0.0687000006
43.0013611111,0.2630000114,0.0244999994,0.9039999843,0.4309000075,0.1298000067,0.0724000037
43.2513611111,0.2630999982,0.0239000004,0.9071999788,0.4296000004,0.1288000047,0.0694999993
43.5013611111,0.2639000118,0.0234999992,0.9096000195,0.4307000041,0.1280999929,0.0680000037
43.7513611111,0.2646999955,0.0237000007,0.9096999764,0.4329999983,0.1282999963,0.0680000037
44.0013888889,0.2653000057,0.0233999994,0.9147999883,0.4330999851,0.1279000044,0.0675000027
44.2513888889,0.2664999962,0.0238000005,0.9176999927,0.4359999895,0.1290999949,0.0698999986
44.5013888889,0.2675000131,0.0242999997,0.9174000025,0.4384000003,0.1294,0.0711999983
44.7514166667,0.2678999901,0.0236000009,0.9215000272,0.4381999969,0.1275999993,0.066399999
45.0014166667,0.2685000002,0.0234999992,0.924399972,0.4395999908,0.1284999996,0.068599999
45.2514166667,0.2691000104,0.0239000004,0.9251000285,0.4422000051,0.1283999979,0.0700000003
45.5014166667,0.2705999911,0.0241999999,0.9282000065,0.4440000057,0.1294,0.0707999989
45.7514444444,0.2714999914,0.0248000007,0.9298999906,0.4463999867,0.1288000047,0.0694999993
46.0014444444,0.2725999951,0.0247000009,0.9333000183,0.4444999993,0.1289999932,0.0697000027
46.2514444444,0.272300005,0.0237000007,0.9338999987,0.4472999871,0.1274999976,0.0659999996
46.5014722222,0.2732999921,0.0241,0.9345999956,0.4494999945,0.1272999942,0.0649000034
46.7514722222,0.2737999856,0.0239000004,0.9373000264,0.451000005,0.1274999976,0.065700002
47.0014722222,0.2745000124,0.0238000005,0.9391999841,0.454400003,0.1275999993,0.065700002
47.2514722222,0.274300009,0.0234999992,0.9412999749,0.453700006,0.1274999976,0.0656000003
47.5015,0.275000006,0.0237000007,0.9401999712,0.4555000067,0.1280000061,0.0666000023
47.7515,0.2752000093,0.0232999995,0.9422000051,0.456099987,0.1271000057,0.0644000024
48.0015,0.2757999897,0.023,0.9409000278,0.4607000053,0.126699999,0.0631000027
48.2515277778,0.2761000097,0.0233999994,0.9387999773,0.458799988,0.1273999959,0.0644000024
48.5015277778,0.2763999999,0.0233999994,0.9366000295,0.4611000121,0.1265999973,0.061999999
48.7515277778,0.2772000134,0.0233999994,0.9375,0.4639999866,0.1257999986,0.0593000017
49.0015277778,0.27700001,0.0229000002,0.9355000257,0.4634000063,0.1248999983,0.0579999983
49.2515555556,0.2781000137,0.0230999999,0.9336000085,0.4627999961,0.1257999986,0.0582999997
49.5015555556,0.2784000039,0.0233999994,0.9318000078,0.4656000137,0.1254999936,0.0584999993
49.7515555556,0.2786000073,0.0230999999,0.9370999932,0.4690999985,0.1248999983,0.0560000017
50.0015555556,0.279700011,0.0237000007,0.9345999956,0.4708999991,0.1248999983,0.0566000007
50.2515833333,0.280400008,0.0237000007,0.9307000041,0.470600009,0.126000002,0.057
50.5015833333,0.2806999981,0.0236000009,0.9391999841,0.4769000113,0.1248999983,0.0538999997
50.7515833333,0.2816999853,0.0238000005,0.9352999926,0.4729000032,0.1265999973,0.0577000007
51.0016111111,0.2818000019,0.0233999994,0.9355000257,0.4758999944,0.1247999966,0.0546000004
51.2516111111,0.2824999988,0.0234999992,0.9422000051,0.4790000021,0.1242000014,0.0527000017
51.5016111111,0.282799989,0.0231999997,0.9437999725,0.4767000079,0.1238999963,0.0529000014
51.7516388889,0.2842000127,0.0237000007,0.9419999719,0.4781000018,0.125,0.0538999997
52.0016388889,0.2842999995,0.0229000002,0.9495000243,0.4808000028,0.1238999963,0.0524999984
52.2516388889,0.284799993,0.023,0.9527999759,0.4781999886,0.1226999983,0.0515000001
52.5016388889,0.28549999,0.0232999995,0.9545999765,0.4792999923,0.124499999,0.0549000017
52.7516666667,0.2865999937,0.0239000004,0.956099987,0.4821999967,0.1237000003,0.0549000017
53.0016666667,0.2867000103,0.0236000009,0.9624000192,0.4842000008,0.1252000034,0.0577999987
53.2516666667,0.2872999907,0.0232999995,0.9635000229,0.4844999909,0.1240999997,0.0546000004
53.5016666667,0.288199991,0.0239000004,0.9635000229,0.4815999866,0.1243999973,0.0557000004
53.7516944444,0.2888000011,0.0237000007,0.9682000279,0.4851999879,0.125,0.0582999997
54.0016944444,0.2894999981,0.0239000004,0.9725999832,0.4880999923,0.123800002,0.0562999994
54.2516944444,0.2901000082,0.0239000004,0.9749000072,0.4875000119,0.1240999997,0.0568999983
54.5017222222,0.2908000052,0.0240000002,0.9754999876,0.4876999855,0.1240999997,0.0571999997
54.7517222222,0.2910999954,0.0239000004,0.9797000289,0.4900000095,0.125,0.0601999983
55.0017222222,0.2922999859,0.0241999999,0.9803000093,0.4902999997,0.1252000034,0.0604000017
55.2517222222,0.2924999893,0.0240000002,0.9811999798,0.4905000031,0.1253000051,0.0617999993
55.50175,0.2935000062,0.0245999992,0.9854000211,0.4905000031,0.1259000003,0.0632999986
55.75175,0.2935000062,0.0242999997,0.9847999811,0.4921999872,0.1254000068,0.061900001
56.00175,0.293900013,0.0241,0.9883000255,0.4911000133,0.1261000037,0.0643000007
56.2517777778,0.2948000133,0.0245999992,0.9893000126,0.4918000102,0.1268000007,0.0659999996
56.5017777778,0.2949999869,0.0242999997,0.9897999763,0.4927000105,0.1265999973,0.0648000017
56.7517777778,0.2955000103,0.0241999999,0.9901999831,0.4921999872,0.1263999939,0.0644000024
57.0018055556,0.2960000038,0.0247000009,0.9908999801,0.4927999973,0.1259000003,0.0628999993
57.2518055556,0.2964000106,0.0244999994,0.9930999875,0.4916999936,0.1271000057,0.0662999973
57.5018055556,0.2969999909,0.0250000004,0.9914000034,0.4955999851,0.1274999976,0.0671999976
57.7518055556,0.2971000075,0.0245999992,0.9930999875,0.4934999943,0.1262000054,0.0639000013
58.0018333333,0.2976000011,0.0248000007,0.9926999807,0.4968000054,0.126000002,0.063699998
58.2518333333,0.2978999913,0.0249000005,0.9925000072,0.4970999956,0.1262000054,0.064199999
58.5018333333,0.2982000113,0.0243999995,0.994599998,0.4952000082,0.1263999939,0.0643000007
58.7518333333,0.2984000146,0.0245999992,0.9921000004,0.4981999993,0.126699999,0.065200001
59.0018611111,0.2985999882,0.0244999994,0.9926999807,0.4970000088,0.1264999956,0.065200001
59.2518611111,0.2989000082,0.0241999999,0.99150002,0.4986000061,0.1254000068,0.0617000014
59.5018611111,0.2992999852,0.0243999995,0.9951000214,0.4990999997,0.1262000054,0.0634000003
59.7518888889,0.2992999852,0.0241999999,0.9940999746,0.5006999969,0.1254999936,0.061999999
60.0018888889,0.2996000051,0.0243999995,0.9929000139,0.5001999736,0.1253000051,0.0626000017
60.2518888889,0.2998000085,0.0241999999,0.9918000102,0.5036000013,0.1259000003,0.063000001
60.5018888889,0.3001999855,0.0241999999,0.9911999702,0.5044000149,0.1255999953,0.0621000007
60.7519166667,0.3005000055,0.0244999994,0.9912999868,0.5047000051,0.123999998,0.057599999
61.0019166667,0.3005000055,0.0241,0.9898999929,0.5044000149,0.123300001,0.0562000014
61.2519166667,0.3010999858,0.0245999992,0.9880999923,0.5056999922,0.1243999973,0.0588000007
61.5019166667,0.3012000024,0.0241999999,0.9855999947,0.5047000051,0.123999998,0.0571000017
61.7519444444,0.3007999957,0.0243999995,0.9786999822,0.5034000278,0.1235999987,0.0560000017
62.0019444444,0.3014000058,0.0242999997,0.9800999761,0.505400002,0.123300001,0.0546000004
62.2519444444,0.3023999929,0.0249000005,0.9703999758,0.5001999736,0.123999998,0.0571000017
62.5019722222,0.3018000126,0.0241,0.9761000276,0.5051000118,0.1229000017,0.0518999994
62.7519722222,0.3018000126,0.0241999999,0.976000011,0.5066999793,0.1221000031,0.0502000004
63.0019722222,0.3019999862,0.0240000002,0.9704999924,0.5055999756,0.1225999966,0.050999999
63.252,0.3021000028,0.0240000002,0.9733999968,0.5109999776,0.1229000017,0.0509000011
63.502,0.3025999963,0.0241999999,0.9763000011,0.5124999881,0.1216999963,0.0483000018
63.752,0.3027999997,0.0241999999,0.9728000164,0.5110999942,0.1228,0.0507000014
64.002,0.3028999865,0.0241,0.9771000147,0.510800004,0.1212000027,0.0478999987
64.2520277778,0.3027999997,0.0236000009,0.9749000072,0.5110999942,0.1231999993,0.0507999994
64.5020277778,0.3034000099,0.0241999999,0.9771000147,0.5091000199,0.1230000034,0.0518000014
64.7520277778,0.3034000099,0.0241999999,0.9743999839,0.5098000169,0.1235999987,0.0531000011
65.0020277778,0.3037,0.0240000002,0.9775000215,0.5091999769,0.1230000034,0.0516000018
65.2520555556,0.3045000136,0.0245999992,0.9735999703,0.5062000155,0.123300001,0.0535000004
65.5020555556,0.3039000034,0.0238000005,0.9767000079,0.5070999861,0.123800002,0.053199999
65.7520555556,0.3039999902,0.0242999997,0.9772999883,0.5070999861,0.123800002,0.0551000014
66.0020833333,0.3039999902,0.0242999997,0.9789999723,0.5070999861,0.1235999987,0.0549000017
66.2520833333,0.3037999868,0.0240000002,0.983799994,0.5078999996,0.1226999983,0.0533000007
66.5020833333,0.3039999902,0.0241,0.9835000038,0.5052000284,0.1230000034,0.0533999987
66.7520833333,0.3039000034,0.0240000002,0.9822999835,0.5080000162,0.123300001,0.0548
67.0021111111,0.3037,0.0240000002,0.9871000051,0.5080999732,0.123999998,0.0568999983
67.2521111111,0.3045000136,0.0244999994,0.9872000217,0.5095000267,0.1230000034,0.0549999997
67.5021111111,0.3043000102,0.0239000004,0.9901000261,0.5112000108,0.123800002,0.057599999
67.7521111111,0.3045000136,0.0243999995,0.9893000126,0.5091999769,0.1237000003,0.0566999987
68.0021388889,0.3041000068,0.0237000007,0.9907000065,0.5103999972,0.1226999983,0.0546999983
68.2521388889,0.3043000102,0.0241,0.9889000058,0.507799983,0.1230000034,0.055399999
68.5021666667,0.3048000038,0.0243999995,0.9911999702,0.5095000267,0.124499999,0.0599000007
68.7521666667,0.3046000004,0.0241999999,0.9909999967,0.5109000206,0.124499999,0.0595999993
69.0021666667,0.3048999906,0.0242999997,0.9926000237,0.5105999708,0.124499999,0.0595000014
69.2521666667,0.3046999872,0.0247000009,0.9930999875,0.5085999966,0.1254000068,0.0621000007
69.5021944444,0.304399997,0.0241999999,0.9926000237,0.5074999928,0.1246000007,0.0593999997
69.7521944444,0.3045000136,0.0240000002,0.9925000072,0.5088000298,0.1251000017,0.0612000003
70.0021944444,0.3046999872,0.0241999999,0.9930999875,0.5080999732,0.1254999936,0.061900001
70.2521944444,0.3048000038,0.0243999995,0.9932000041,0.5091000199,0.1257999986,0.0627999976
70.5022222222,0.3039000034,0.0238000005,0.992200017,0.5062000155,0.1246000007,0.0590999983
70.7522222222,0.3037999868,0.0240000002,0.9904000163,0.5083000064,0.1251000017,0.060800001
71.0022222222,0.3039999902,0.0242999997,0.9902999997,0.5073000193,0.1247999966,0.0601000004
71.2522222222,0.3037,0.0237000007,0.9901000261,0.5067999959,0.1243000031,0.0588000007
71.50225,0.3034999967,0.0239000004,0.9893000126,0.507799983,0.1243999973,0.0593999997
71.75225,0.3037999868,0.0238000005,0.9897999763,0.5059999824,0.1243999973,0.0590000004
72.00225,0.3032999933,0.0241,0.9897000194,0.5058000088,0.1246000007,0.059799999
72.2522777778,0.3034000099,0.0240000002,0.9900000095,0.5081999898,0.1246000007,0.0599999987
72.5022777778,0.3032000065,0.0240000002,0.9894000292,0.5076000094,0.1256999969,0.0631000027
72.7522777778,0.3027999997,0.0238000005,0.9893000126,0.5087000132,0.1247000024,0.0601000004
73.0023055556,0.3034999967,0.0241,0.9878000021,0.5097000003,0.1247000024,0.0595000014
73.2523055556,0.3027999997,0.0242999997,0.9865000248,0.5101000071,0.124499999,0.059799999
73.5023055556,0.3021000028,0.0236000009,0.9876999855,0.5078999996,0.1225000024,0.0538999997
73.7523055556,0.3019999862,0.0234999992,0.9839000106,0.5101000071,0.1231999993,0.0549999997
74.0023333333,0.3018000126,0.0233999994,0.9818000197,0.5102999806,0.122299999,0.0522000007
74.2523333333,0.3014999926,0.0234999992,0.9811000228,0.511500001,0.1216000021,0.0507000014
74.5023333333,0.3014999926,0.0236000009,0.9739999771,0.5055000186,0.123999998,0.0568999983
74.7523333333,0.3007999957,0.0231999997,0.9745000005,0.5065000057,0.1216000021,0.0498000011
75.0023611111,0.3005999923,0.0231999997,0.9725999832,0.5083000064,0.1225000024,0.0522000007
75.2523611111,0.3007000089,0.0233999994,0.9689999819,0.5095000267,0.1230000034,0.0529000014
75.5023611111,0.3003999889,0.0231999997,0.9707999825,0.5095000267,0.1228,0.0502999984
75.7523888889,0.3007000089,0.0231999997,0.9696999788,0.5145000219,0.1234000027,0.0518000014
76.0023888889,0.3000999987,0.0231999997,0.9703999758,0.5157999992,0.1228,0.0507000014
76.2523888889,0.2998000085,0.023,0.9715999961,0.5170999765,0.1230000034,0.0516999997
76.5023888889,0.2996000051,0.0230999999,0.9718000293,0.5163999796,0.1226999983,0.0489999987
76.7524166667,0.2994000018,0.0233999994,0.9714000225,0.5148000121,0.1213999987,0.0483000018
77.0024166667,0.2994999886,0.023,0.9715999961,0.5159000158,0.1228,0.0494999997
77.2524444444,0.2985999882,0.023,0.9718999863,0.5156000257,0.1230000034,0.0507999994
77.5024444444,0.2987999916,0.0231999997,0.972299993,0.5123000145,0.122299999,0.0522999987
77.7524444444,0.2985000014,0.0228000004,0.9697999954,0.5109999776,0.1220000014,0.0500000007
78.0024444444,0.2985000014,0.0229000002,0.9721999764,0.5106999874,0.1221999973,0.0511000007
78.2524444444,0.298999995,0.0229000002,0.9736999869,0.5123999715,0.1228,0.0507000014
78.5024722222,0.2980999947,0.0227000006,0.9731000066,0.5095999837,0.1216999963,0.0513000004
78.7524722222,0.2980999947,0.0229000002,0.97299999,0.5094000101,0.1207000017,0.0480000004
79.0024722222,0.2980999947,0.0229000002,0.9732000232,0.5106999874,0.1216000021,0.0505999997
79.2525,0.298299998,0.0229000002,0.9756000042,0.5109000206,0.1218999997,0.0504000001
79.5025,0.2976000011,0.0225000009,0.9767000079,0.5130000114,0.1220000014,0.0522000007
79.7525,0.2980000079,0.0229000002,0.9768999815,0.5112000108,0.1220000014,0.0524999984
80.0025277778,0.2976999879,0.023,0.9785000086,0.513199985,0.123499997,0.0562999994
80.2525277778,0.2978999913,0.0229000002,0.9789999723,0.5120000243,0.1235999987,0.0566999987
80.5025277778,0.2976000011,0.0226000007,0.9789000154,0.5123999715,0.1231999993,0.0553000011
80.7525277778,0.2973999977,0.0227000006,0.9800999761,0.5117999911,0.1226999983,0.0538999997
81.0025555556,0.2976000011,0.0228000004,0.980799973,0.5120000243,0.123800002,0.0571999997
81.2525555556,0.2973999977,0.0227000006,0.9811999798,0.5121999979,0.123800002,0.057599999
81.5025555556,0.2971000075,0.0225000009,0.981400013,0.5102000237,0.1228,0.0549999997
81.7525833333,0.2969999909,0.0226000007,0.9810000062,0.5110999942,0.1235999987,0.0566999987
82.0025833333,0.2969999909,0.0226000007,0.9800999761,0.5103999972,0.123499997,0.0560999997
82.2525833333,0.2973999977,0.0229000002,0.981400013,0.5098999739,0.1251000017,0.0610000007
82.5025833333,0.2969999909,0.0227000006,0.9812999964,0.5109000206,0.1247999966,0.0601999983
82.7525833333,0.2967999876,0.0227000006,0.9803000093,0.5106999874,0.1247999966,0.0604999997
83.0026111111,0.2962000072,0.0223999992,0.9789999723,0.5091999769,0.1234000027,0.0560000017
83.2526111111,0.2964000106,0.0225000009,0.9786000252,0.5081999898,0.1237000003,0.0566000007
83.5026111111,0.2962000072,0.0225000009,0.9787999988,0.5088000298,0.1243000031,0.0584000014
83.7526388889,0.2957000136,0.0222999994,0.9785000086,0.5094000101,0.1247999966,0.0606999993
84.0026388889,0.2962000072,0.0227000006,0.978399992,0.5092999935,0.1238999963,0.0577999987
84.2526388889,0.2958000004,0.0225000009,0.9774000049,0.5097000003,0.1243000031,0.0588999987
84.5026388889,0.2958999872,0.0223999992,0.9785000086,0.5088000298,0.1247999966,0.0601999983
84.7526666667,0.2960999906,0.0228000004,0.9778000116,0.5098000169,0.1240999997,0.0579000004
85.0026666667,0.2958999872,0.0225000009,0.9782999754,0.5102000237,0.123800002,0.0566999987
85.2526666667,0.2953000069,0.0221999995,0.9771000147,0.5109000206,0.1235999987,0.056499999
85.5026944444,0.2951999903,0.0223999992,0.9764999747,0.5106999874,0.1230000034,0.0555000007
85.7526944444,0.2948000133,0.0222999994,0.9768000245,0.5117999911,0.1240999997,0.0581
86.0026944444,0.2949000001,0.0221999995,0.9756000042,0.5124999881,0.1225999966,0.0535999984
86.2527222222,0.2946999967,0.0221999995,0.9733999968,0.5123000145,0.1225999966,0.0537
86.5027222222,0.2942000031,0.0219999999,0.9721999764,0.513100028,0.1221000031,0.0518000014
86.7527222222,0.2940999866,0.0221999995,0.9718999863,0.5142999887,0.1220000014,0.0518000014
87.0027222222,0.2937000096,0.0221999995,0.9696999788,0.5130000114,0.1213999987,0.0502000004
87.2527222222,0.293599993,0.0221999995,0.9678000212,0.5134999752,0.121799998,0.0507000014
87.50275,0.2933999896,0.0219000001,0.9649000168,0.5124999881,0.121100001,0.0485999994
87.75275,0.292899996,0.0216000006,0.9635000229,0.5117999911,0.120099999,0.0467000008
88.00275,0.2933999896,0.0219999999,0.961499989,0.5117999911,0.121299997,0.0491000004
88.2527777778,0.2930000126,0.0219999999,0.9616000056,0.5130000114,0.121799998,0.0487000011
88.5027777778,0.2926999927,0.0219999999,0.9625999928,0.5173000097,0.1216000021,0.0478000008
88.7527777778,0.2924000025,0.0217000004,0.9624000192,0.5163000226,0.1208000034,0.0461999997
89.0028055556,0.2926000059,0.0219999999,0.9631999731,0.5174000263,0.1212000027,0.0491999984
89.2528055556,0.2928000093,0.0219999999,0.9620000124,0.5175999999,0.1216000021,0.0482000001
89.5028055556,0.2926999927,0.0221999995,0.9602000117,0.5151000023,0.1216000021,0.0489000008
89.7528333333,0.2926999927,0.0217000004,0.9625999928,0.5170000196,0.1207000017,0.0465999991
90.0028333333,0.2924999893,0.0217000004,0.9636999965,0.5170000196,0.1215000004,0.0465999991
90.2528333333,0.2922999859,0.0218000002,0.9646000266,0.5152000189,0.1206,0.0474999994
90.5028611111,0.2926000059,0.0218000002,0.9610000253,0.5137000084,0.1199999973,0.0469999984
90.7528611111,0.2922999859,0.0219999999,0.9628999829,0.5134000182,0.1208000034,0.0482000001
91.0028611111,0.2917999923,0.0217000004,0.9624999762,0.513100028,0.1208999977,0.0491000004
91.2528611111,0.2919999957,0.0218000002,0.96450001,0.5109999776,0.1206,0.0478999987
91.5028611111,0.2921000123,0.0218000002,0.966899991,0.5137000084,0.1224000007,0.0518000014
91.7528888889,0.2921999991,0.0219000001,0.9660999775,0.5127000213,0.1216000021,0.0505999997
92.0028888889,0.2921000123,0.0217000004,0.966899991,0.5130000114,0.1225000024,0.0529999994
92.2528888889,0.2919999957,0.0216000006,0.9672999978,0.5126000047,0.1224000007,0.0527000017
92.5029166667,0.2919999957,0.0218000002,0.967599988,0.5123999715,0.121100001,0.0498000011
92.7529166667,0.2921999991,0.0218000002,0.9690999985,0.5141999722,0.1218999997,0.0522000007
93.0029166667,0.2921000123,0.0219000001,0.9682000279,0.5133000016,0.1228,0.0544999987
93.2529166667,0.2924000025,0.0220999997,0.970600009,0.5133000016,0.1224000007,0.053199999
93.5029444444,0.2917999923,0.0216000006,0.969900012,0.5123000145,0.1228,0.0553000011
93.7529444444,0.2917999923,0.0219000001,0.9702000022,0.5121999979,0.123300001,0.0566000007
94.0029444444,0.2919999957,0.0218000002,0.9693999887,0.5124999881,0.1229000017,0.0551999994
94.2529722222,0.2915999889,0.0216000006,0.9695000052,0.5103999972,0.1235999987,0.0579999983
94.5029722222,0.2919000089,0.0223999992,0.970600009,0.5120000243,0.1242000014,0.059799999
94.7529722222,0.2913999856,0.0217000004,0.9700000286,0.5088999867,0.1226999983,0.0557999983
95.003,0.291200012,0.0217000004,0.9693999887,0.5106999874,0.123499997,0.057500001
95.253,0.291200012,0.0216000006,0.9684000015,0.5095999837,0.1228,0.0555999987
95.503,0.2917999923,0.0221999995,0.9704999924,0.5099999905,0.1246000007,0.0599000007
95.753,0.2917000055,0.0219000001,0.9692999721,0.5117999911,0.1254999936,0.0628999993
96.003,0.2912999988,0.0216000006,0.9689000249,0.5098000169,0.1248999983,0.0610999987
96.2530277778,0.2908000052,0.0215000007,0.9671000242,0.5091000199,0.123999998,0.0588000007
96.5030277778,0.2917000055,0.0219000001,0.9689999819,0.5113000274,0.1252000034,0.0615999997
96.7530277778,0.290899992,0.0215000007,0.9677000046,0.5072000027,0.1224000007,0.0542000011
97.0030555556,0.2906999886,0.0216000006,0.9678000212,0.5098000169,0.123499997,0.0577000007
