Well,Mean,StDev,0;4,1;4,2;4,3;4,4;4,4;3,3;3,2;3,1;3,0;3,0;2,1;2,2;2,3;2,4;2,4;1,3;1,2;1,1;1,0;1,0;0,1;0,2;0,3;0,4;0
A1,1.6233999729,0.205400005,1.5189000368,1.5092999935,1.5666999817,1.5177999735,1.5263999701,1.5885000229,1.7569999695,1.8043999672,1.7481000423,1.6043000221,1.7799999714,1.8891999722,1.7542999983,1.8084000349,1.369500041,1.5873999596,1.7617000341,1.8370000124,1.9258999825,1.7434999943,1.0585000515,1.654399991,1.635800004,1.2502000332,1.3889000416
B1,1.0334999561,0.1644999981,1.1319999695,0.9092000127,0.9327999949,1.1799999475,1.5341999531,1.152799964,0.8392000198,0.9997000098,1.075799942,1.0959000587,1.2151999474,1.106400013,0.8931000233,0.9794999957,1.0705000162,0.9782999754,0.9451000094,0.67900002,0.9995999932,1.0824999809,1.121999979,1.0585999489,0.8198999763,0.9034000039,1.1332999468
C1,0.9293000102,0.1914000064,1.1331000328,1.0611000061,0.9646000266,1.2184000015,1.3917000294,1.1023999453,0.8687000275,0.6567000151,0.7488999963,1.0582000017,0.8450999856,0.7257000208,0.7712000012,0.6240000129,0.8278999925,0.9434000254,0.7382000089,0.9358000159,0.7749999762,0.9169999957,0.9926000237,0.9197999835,0.861800015,0.880400002,1.2697999477
D1,2.2599999905,0.1811999977,1.9192999601,2.1287999153,2.1874001026,2.3066999912,2.1837000847,2.2867000103,2.2771999836,2.185199976,2.0912001133,2.0295000076,2.0908000469,2.3870000839,2.3129999638,2.469700098,2.5738999844,2.5836999416,2.5457999706,2.1812000275,2.0992000103,2.0587999821,2.1789000034,2.2090001106,2.339799881,2.551199913,2.3222000599
E1,1.2364000082,0.1621000022,1.4804999828,1.3813999891,1.1832000017,1.465299964,1.6161999702,1.3022999763,1.182199955,1.2158999443,1.1964999437,1.3108999729,1.1705000401,0.9962000251,1.0068000555,1.1847000122,1.2690000534,1.2845000029,1.1750999689,1.002300024,1.0782999992,1.1538000107,1.3454999924,1.1399999857,1.113499999,1.1374000311,1.5169999599
F1,0.9556000233,0.1931000054,1.1139999628,0.763800025,1.086599946,1.2646000385,1.3598999977,1.2453000546,0.7556999922,0.8289999962,0.763199985,0.9566000104,0.8075000048,0.8230999708,1.057700038,1.2014000416,1.0717999935,1.2296999693,0.9258000255,0.7468000054,0.7355999947,0.7871999741,0.8453999758,0.8032000065,0.8281999826,0.8794000149,1.0087000132
G1,0.9110000134,0.1547999978,1.0069999695,0.6883000135,1.0929000378,1.1276999712,1.3201999664,1.0367000103,0.8342999816,0.733099997,0.9322999716,0.7297999859,0.8478999734,0.8126000166,0.7235999703,0.9334999919,0.9797999859,1.0528000593,0.8644000292,0.7845000029,0.8802000284,0.7408999801,0.9204999804,0.8331000209,0.8015999794,1.0031000376,1.0943000317
H1,0.9474999905,0.1821999997,1.1603000164,1.0013999939,1.0273000002,1.1423000097,1.4388999939,1.1576000452,0.8962000012,1.0922000408,0.8108999729,0.9322000146,0.8026000261,0.7304999828,0.752300024,0.7918000221,0.9847999811,1.0147000551,0.8044000268,0.7458000183,0.7504000068,0.8245999813,1.0218000412,0.8197000027,0.8166999817,0.9279000163,1.239199996
A2,1.3870999813,0.1076999977,1.5543999672,1.4606000185,1.3593000174,1.4588999748,1.5691000223,1.4931999445,1.3435000181,1.1684000492,1.2289999723,1.4133000374,1.4687999487,1.3459999561,1.3271000385,1.1879999638,1.4045000076,1.4845999479,1.4183000326,1.3674000502,1.3157000542,1.3756999969,1.4380999804,1.2639000416,1.3901000023,1.2934000492,1.5449999571
B2,1.7732000351,0.1750999987,1.8487000465,1.8982000351,1.8278000355,1.8875999451,2.0253999233,1.9147000313,1.625,1.418200016,1.6090999842,1.771600008,1.6532000303,1.6148999929,1.4301999807,1.5286999941,1.7965999842,1.6999000311,1.5743000507,1.8314000368,1.8954999447,1.9349000454,1.9991999865,2.0023999214,1.9083000422,1.757799983,1.8768999577
C2,0.7129999995,0.2011000067,1.1073999405,0.7714999914,0.6956999898,0.7907000184,1.413599968,0.6769999862,0.5507000089,0.6583999991,0.5819000006,0.537899971,0.4952999949,0.6100000143,0.7929000258,0.5752000213,0.6301000118,0.6552000046,0.7436000109,0.8826000094,0.5961999893,0.6517000198,0.742299974,0.5784000158,0.5365999937,0.6398000121,0.9113000035
D2,2.0169999599,0.1077999994,1.9862999916,2.0878000259,2.217099905,2.1454000473,2.0420999527,2.1473999023,2.1377000809,2.1122000217,2.0278999805,1.8766000271,1.8143999577,1.8731000423,2.0502998829,2.0346000195,2.0896999836,2.0675001144,2.0446000099,1.9911999702,1.8595000505,1.8709000349,1.9018000364,1.9100999832,1.9670000076,2.0699000359,2.0994000435
E2,1.1031999588,0.1502999961,1.3924000263,1.2238999605,1.0320999622,1.09010005,1.3345999718,0.8709999919,0.9246000051,1.1655000448,1.1840000153,1.0422999859,0.9363999963,1.3011000156,1.3057999611,1.1785999537,1.0119999647,0.9735999703,0.9323999882,0.9782999754,1.3224999905,1.0721999407,1.1190999746,1.0549000502,1.0125000477,0.9226999879,1.1973999739
F2,1.8365000486,0.233799994,1.5686999559,1.6179000139,2.0014998913,1.6513999701,1.6238000393,1.7107000351,1.7961000204,1.9201999903,1.923699975,1.7293000221,2.1261999607,2.1751999855,2.0917999744,1.4960000515,1.3072999716,1.7211999893,1.6082999706,2.0179998875,2.2046000957,2.1500999928,1.9249999523,1.9804999828,1.953799963,1.7522000074,1.8586000204
G2,1.6700999737,0.1616999954,1.6503000259,1.825799942,1.587299943,1.75,1.8784999847,1.4795000553,1.4368000031,2.022300005,1.9271999598,1.6045000553,1.6269999743,1.736899972,1.8998999596,1.5698000193,1.6665999889,1.7007000446,1.6583000422,1.6657999754,1.4600000381,1.513100028,1.4077999592,1.4880000353,1.774799943,1.6567000151,1.7642999887
H2,0.7426000237,0.1867000014,0.9176999927,0.6603000164,0.8019999862,0.9034000039,1.3775999546,0.9264000058,0.8264999986,0.6596999764,0.7113999724,0.5946999788,0.5831999779,0.6060000062,0.6717000008,0.746999979,0.8565999866,0.7218000293,0.5717999935,0.6320999861,0.4505000114,0.5935999751,0.7659999728,0.8197000027,0.5932000279,0.6255999804,0.9474999905
A3,1.2096999884,0.1454000026,1.3003000021,1.5197999477,1.3786000013,1.2173000574,1.415199995,1.2382999659,1.2323000431,1.4125000238,1.2606999874,1.1921999454,1.1368999481,1.2369999886,1.0986000299,1.2215000391,1.2239999771,1.147300005,1.1591999531,1.2821999788,1.3378000259,1.1705000401,1.0168999434,1.0389000177,0.948300004,0.8906000257,1.1655999422
B3,1.149799943,0.2757000029,1.3885999918,1.0327999592,0.9247000217,1.3392000198,1.6643999815,1.2268999815,0.8633000255,0.940500021,0.8187999725,0.7950999737,0.9301000237,1.4156999588,1.5154000521,1.2412999868,0.905099988,0.9099000096,1.2389999628,1.5585000515,1.5168999434,1.3801000118,1.1984000206,1.0230000019,0.8537999988,0.7494999766,1.3142999411
C3,1.1787999868,0.1649000049,1.3632999659,1.3126000166,1.2628999949,1.3105000257,1.5181000233,1.3337999582,1.1561000347,1.1808999777,1.1015000343,1.2000000477,0.9905999899,0.9034000039,1.1196000576,1.1804000139,1.2299000025,1.1534999609,1.1517000198,0.8205999732,0.9649999738,0.986100018,1.1263999939,1.3228000402,1.1648999453,1.1599999666,1.4546999931
D3,0.5760999918,0.4535999894,1.2202999592,0.2741999924,0.8026000261,1.1699999571,1.6670000553,0.9524999857,0.1710000038,0.530099988,0.1327999979,1.0167000294,0.8149999976,0.1802999973,0.1315000057,0.3849000037,0.177699998,0.882700026,0.9387999773,0.4133000076,0.1172999963,0.3634000123,0.169599995,0.1509999931,0.3653999865,0.134100005,1.239199996
E3,0.5911999941,0.2437999994,0.8252000213,0.4837000072,0.6288999915,0.5317999721,1.4407999516,0.8288000226,0.4541000128,0.3770000041,0.3535000086,0.6137999892,0.3925000131,0.4158000052,0.4237000048,0.5687000155,0.4582999945,0.8058000207,0.5128999949,0.4704000056,0.6729000211,0.3874999881,0.5812000036,0.358099997,0.4878000021,0.7520999908,0.9559999704
F3,0.9315000176,0.2536000013,1.1838999987,0.9308000207,0.8568999767,1.1761000156,1.4299000502,0.8008000255,0.7870000005,1.113499999,0.9165999889,0.8968999982,0.8499000072,1.3226000071,1.3334000111,1.2209000587,0.9100999832,0.793900013,1.1734999418,0.8654000163,0.7092999816,0.5931000113,0.632799983,0.5857999921,0.5591999888,0.6338999867,1.0118999481
G3,0.9034000039,0.2310000062,1.1148999929,0.9355999827,1.0032000542,0.9488000274,1.6548999548,0.84799999,0.6786000133,0.621999979,0.6290000081,0.9338999987,0.8127999902,1.0128999949,0.9664000273,0.9671000242,1.0777000189,0.861899972,0.8894000053,0.6840000153,0.8575999737,0.7096999884,0.6906999946,0.8636999726,0.7281000018,0.7450000048,1.3485000134
H3,0.6344000101,0.1791999936,0.6735000014,0.417899996,0.5503000021,0.5590999722,1.2482999563,0.611100018,0.6082000136,0.8687000275,0.5907999873,0.4830000103,0.4532000124,0.8076999784,0.6316000223,0.6215999722,0.4717999995,0.4300999939,0.5335000157,0.5838000178,0.8967999816,0.6247000098,0.5565999746,0.7616000175,0.5796999931,0.5666000247,0.7310000062
A4,1.1037000418,0.1937000006,1.4304000139,1.2820999622,1.1735999584,1.0724999905,1.4953999519,1.0887999535,0.7900999784,1.0326999426,1.1892000437,1.2561000586,1.3597999811,0.8543000221,0.7250999808,0.8320999742,1.0375000238,1.1678999662,0.9728000164,0.9882000089,1.140599966,1.1525000334,1.1861000061,1.1145999432,0.9240999818,1.0317000151,1.2942999601
B4,0.7868000269,0.1992000043,1.225900054,0.8277000189,0.7749999762,0.9962000251,1.4199999571,0.9215000272,0.6973000169,0.6665999889,0.6230000257,0.7239000201,0.6607999802,0.6693000197,0.621999979,0.6389999986,0.7348999977,0.7919999957,0.6448000073,0.7774999738,0.7386999726,0.6783000231,0.7602000237,0.6733000278,0.6468999982,0.6812000275,1.0728000402
C4,1.0964000225,0.234799996,1.2612999678,1.1207000017,1.2430000305,1.4084999561,1.5793999434,1.1229000092,0.9581000209,1.1255999804,0.9186000228,0.9204000235,0.7817000151,0.8855000138,1.1427999735,0.9283000231,0.6450999975,0.8309999704,0.7652999759,1.2343000174,1.3889000416,1.3619999886,1.2312999964,1.0963000059,1.3143999577,0.8980000019,1.2461999655
D4,0.9013000131,0.2238000035,1.0279999971,0.9208999872,0.9445999861,0.9585999846,1.4936000109,0.8762000203,0.7066000104,0.6425999999,0.9086999893,0.753099978,0.8816000223,1.0903999805,1.1337000132,0.706700027,0.5993000269,1.0413999557,0.6780999899,0.8417999744,0.9983000159,0.8421999812,0.6953999996,0.6459000111,0.932099998,0.7875000238,1.4257999659
E4,1.5151000023,0.1709000021,1.685199976,1.7510000467,1.611700058,1.63349998,1.6009999514,1.6117999554,1.6687999964,1.315500021,1.3298000097,1.464400053,1.5024000406,1.4399000406,1.5530999899,1.6502000093,1.6740000248,1.6601999998,1.1584000587,1.2687000036,1.257799983,1.2493000031,1.5599999428,1.6067999601,1.440500021,1.4311000109,1.7519999743
F4,1.1233999729,0.1773999929,1.3481999636,1.2184000015,1.287700057,1.4294999838,1.6203999519,1.2007000446,1.3424999714,1.108700037,1.141299963,1.1395000219,1.0008000135,1.0219000578,1.0081000328,1.1313999891,1.0061000586,1.0133999586,0.9732000232,1.0128999949,1.068500042,0.907400012,1.0342999697,0.9402999878,0.9175000191,0.9653999805,1.2477999926
G4,0.7724999785,0.3285999894,1.148900032,0.6643000245,0.8313000202,1.1171000004,1.5266000032,1.0322999954,0.8281999826,0.3840000033,0.3558000028,0.5350999832,0.4072000086,0.3411000073,0.8399000168,0.7903000116,1.1625000238,1.0334999561,0.8766999841,0.6547999978,0.368900001,0.4762000144,0.7616999745,0.5479000211,0.4887999892,0.780099988,1.3590999842
H4,0.6754999757,0.1937000006,0.7583000064,0.530099988,0.6601999998,0.7077000141,1.2946000099,0.8738999963,0.6638000011,0.8784000278,0.4526999891,0.3544000089,0.4799999893,0.9024000168,0.7189999819,0.5781999826,0.7124999762,0.5788000226,0.5606999993,0.6603999734,0.5052000284,0.6190999746,0.6754000187,0.7443000078,0.4846999943,0.5957999825,0.8974000216
A5,0.72299999,0.2028000057,1.2769999504,0.7493000031,0.6967999935,0.7946000099,1.2671999931,0.84799999,0.842599988,0.6571999788,0.6121000051,0.9498999715,0.6323000193,0.5055999756,0.5816000104,0.622699976,0.7329000235,0.6112999916,0.7357000113,0.5565999746,0.5735999942,0.6122000217,0.6201999784,0.5048999786,0.6685000062,0.5417000055,0.8802999854
B5,1.1977000237,0.1322000027,1.3952000141,1.3271000385,1.1352000237,1.141800046,1.4858000278,1.2553999424,1.0369999409,1.0602999926,1.1160000563,1.3184000254,1.3173999786,1.3279999495,1.0001000166,1.2339999676,1.1404999495,1.0128999949,1.2261999846,1.1144000292,1.3640999794,1.2700999975,1.0449999571,1.1917999983,1.0753999949,1.0889999866,1.2625999451
C5,1.1995999813,0.2269999981,1.4040000439,1.2279000282,1.0784000158,1.1262999773,1.5915000439,1.3013999462,1.5419000387,1.0635000467,1.1452000141,1.0070999861,0.8748000264,0.8151999712,1.1973999739,1.0206999779,1.1578999758,1.3320000172,1.0724999905,0.9067999721,0.9254999757,1.0303000212,1.5478999615,1.5376000404,1.4350999594,1.2979999781,1.3517999649
D5,1.0720000267,0.1464000046,1.325799942,1.1507999897,1.0003000498,1.1562000513,1.3982000351,1.0878000259,1.1239999533,0.9046000242,0.9244999886,1.0985000134,1.2894999981,0.9781000018,1.0089000463,0.8690999746,0.9531999826,1.0267000198,0.8438000083,0.9736999869,1.0413999557,1.2883000374,1.1421999931,1.0602999926,1.0117000341,0.9369000196,1.2065000534
E5,1.3253999949,0.1172000021,1.3741999865,1.466899991,1.4169000387,1.4715000391,1.4268000126,1.3028999567,1.3790999651,1.3650000095,1.299200058,1.4024000168,1.1840000153,1.2918000221,1.4470000267,1.3465000391,1.2192000151,1.1829999685,1.3043999672,1.431499958,1.2178000212,1.0046000481,1.1540999413,1.2243000269,1.4287999868,1.3738000393,1.4198999405
F5,1.769299984,0.1601999998,1.8171999454,2.0294001102,2.0367999077,1.9323999882,1.7709000111,1.7596000433,1.8054000139,1.9648000002,1.9133000374,1.994699955,1.9451999664,1.7380000353,1.8273999691,1.6670000553,1.8624000549,1.5886000395,1.6095000505,1.5161999464,1.5095000267,1.6512000561,1.7405999899,1.6021000147,1.5808000565,1.6958999634,1.6733000278
G5,2.1149001122,0.1407999992,1.8099999428,2.070100069,2.0924999714,1.909700036,1.8648999929,1.9536999464,2.2850000858,2.26060009,2.1566998959,2.0769000053,2.0176000595,2.1043000221,2.2414999008,2.3422000408,1.9003000259,2.1449999809,2.2918999195,2.2054998875,2.2490000725,2.1879000664,2.1517000198,2.1833000183,2.1503999233,2.1421000957,2.078799963
H5,1.0420999527,0.1294,1.198300004,1.032400012,1.0022000074,1.1079000235,1.5204999447,1.0722999573,0.8253999949,0.9778000116,0.9988999963,0.9799000025,0.9233000278,0.9609000087,0.9611999989,0.912899971,1.073300004,1.0917999744,1.022300005,1.0451999903,0.9524999857,0.9955999851,1.0868999958,1.0413000584,1.0535999537,1.0176999569,1.1984000206
A6,0.9503999949,0.2370000035,1.3279999495,0.9793999791,0.7603999972,1.129799962,1.3457000256,1.2555999756,0.877300024,0.8684999943,0.8269000053,0.943599999,1.0255000591,0.4630999863,0.5228999853,0.6500999928,0.8952000141,0.9441000223,1.0413999557,0.6711999774,0.8367000222,1.1704000235,0.9793999791,0.8266999722,1.0398999453,1.0226999521,1.3552000523
B6,0.6481999755,0.2032999992,1.1998000145,0.7207000256,0.6649000049,0.7828000188,1.2790000439,0.7026000023,0.5243999958,0.575699985,0.5995000005,0.5900999904,0.5037999749,0.6967999935,0.5099999905,0.4566999972,0.6319000125,0.6423000097,0.4832000136,0.5181000233,0.6725000143,0.4515999854,0.5209000111,0.5608999729,0.6326000094,0.4839000106,0.8003000021
C6,0.9448999763,0.1550000012,1.1229000092,0.8963000178,0.823300004,0.9412000179,1.2820999622,1.0599999428,0.8361999989,0.8906000257,0.8212000132,0.9017999768,0.8511000276,0.8727999926,0.9312999845,0.9650999904,0.9014999866,0.8927000165,0.9204000235,0.6139000058,0.6683999896,0.8995000124,0.986199975,1.0640000105,1.2137999535,1.157400012,1.1101000309
D6,0.8995000124,0.2496999949,1.0283999443,1.1476000547,1.1042000055,1.3924000263,1.4929000139,0.9269000292,1.3023999929,1.2026000023,0.8198000193,0.7220000029,0.6967999935,0.7508999705,0.8995000124,0.9656000137,0.6895999908,0.6657000184,0.6284000278,0.730700016,0.7319999933,0.6887999773,0.7849000096,0.6523000002,0.6897000074,0.7652999759,1.0067000389
E6,0.4805999994,0.2917000055,0.9847999811,0.5102999806,0.4088000059,0.7969999909,1.4534000158,0.763899982,0.4059999883,0.3186999857,0.472299993,0.5738999844,0.3546000123,0.4146000147,0.3332999945,0.3774999976,0.4445999861,0.7771000266,0.2232999951,0.2034000009,0.2011000067,0.3427999914,0.1955000013,0.2755999863,0.240899995,0.3106000125,0.630400002
F6,1.369500041,0.1008000001,1.3308999538,1.3423999548,1.3215999603,1.2423000336,1.388299942,1.2821999788,1.3873000145,1.0951999426,1.295699954,1.4033999443,1.4421000481,1.3680000305,1.4092999697,1.4766999483,1.5929000378,1.4694999456,1.4973000288,1.4312000275,1.3612999916,1.4569000006,1.4355000257,1.2947000265,1.2611000538,1.3003000021,1.3504999876
G6,2.361399889,0.2356999964,2.0662999153,2.5518000126,2.4460000992,2.0724000931,2.1031000614,2.3706998825,2.6050999165,2.7160000801,2.5144000053,2.3949000835,2.4179000854,2.4010999203,2.6013000011,2.6770999432,2.6593000889,2.2753999233,2.5664000511,2.5016999245,2.4442999363,2.3294000626,1.9187999964,2.1280999184,2.1782999039,2.1770000458,1.9178999662
H6,1.674200058,0.0888999999,1.6031999588,1.5831999779,1.6938999891,1.7072000504,1.7178000212,1.6934000254,1.6395000219,1.7292000055,1.6547000408,1.5343999863,1.5257999897,1.7649999857,1.6934000254,1.6877000332,1.7086000443,1.7806999683,1.7115000486,1.6796000004,1.6722999811,1.5022000074,1.5081000328,1.6863000393,1.7395000458,1.8353999853,1.8020000458
A7,0.809400022,0.2226999998,1.2698999643,1.0110000372,0.7829999924,0.961499989,1.3411999941,0.8260999918,0.6661999822,0.8792999983,0.9470000267,1.0178999901,0.7031000257,0.6182000041,0.5332000256,0.7019000053,0.618900001,0.742200017,0.6284999847,0.6725000143,0.4907999933,0.7480999827,0.5917999744,0.6158000231,0.8252999783,0.8885999918,1.1528999805
B7,0.646600008,0.5,1.6150000095,1.4186999798,0.7450000048,0.7483000159,1.817800045,0.6938999891,0.1332000047,0.8748999834,0.9531000257,1.1857000589,0.6999999881,0.1261000037,0.1647000015,0.123999998,0.1307000071,0.5852000117,0.1259000003,0.1656000018,0.1557999998,1.0491000414,0.6776000261,0.1377000064,0.8729000092,0.3231000006,0.641200006
C7,1.3157000542,0.1137999967,1.4628000259,1.2812999487,1.3661999702,1.4335999489,1.4457000494,1.5520999432,1.4078999758,1.3198000193,1.0987999439,1.2489999533,1.3624999523,1.3315000534,1.4211000204,1.1828000546,1.2711999416,1.1193000078,1.2687000036,1.3054000139,1.095600009,1.3643000126,1.3781000376,1.2613999844,1.2755000591,1.2673000097,1.3700000048
D7,0.9057999849,0.180399999,0.9136999846,0.8033000231,0.9585999846,1.3781000376,0.8763999939,0.9258999825,1.1360000372,0.8313999772,0.6941999793,0.6676999927,0.7286000252,0.841899991,0.8374000192,0.6970000267,0.9480999708,1.1511000395,0.7628999949,0.7973999977,0.9125000238,0.9480999708,1.233199954,0.8102999926,0.7012000084,0.988499999,1.1019999981
E7,1.4234999418,0.1617999971,1.4011000395,1.027099967,1.2892999649,1.2213000059,1.5173000097,1.6211999655,1.5256999731,1.4869999886,1.2250000238,1.0102000237,1.3145999908,1.4687000513,1.6240999699,1.5748000145,1.5600999594,1.5253000259,1.4049999714,1.4735000134,1.530099988,1.4839999676,1.537700057,1.4551000595,1.4433000088,1.4122999907,1.4531999826
F7,1.1638000011,0.1644999981,1.3128000498,1.233199954,1.1878000498,1.356400013,1.5829999447,1.3404999971,1.138800025,1.034700036,1.0750999451,1.1546000242,1.0274000168,0.9822999835,0.9790999889,1.0075000525,1.3640999794,1.285400033,1.0424000025,1.0233999491,0.9937999845,0.9796000123,1.168900013,1.0720000267,1.1447999477,1.1570999622,1.4498000145
G7,0.4469000101,0.3154000044,0.9570999742,0.3826999962,0.3930999935,0.6133000255,1.5056999922,0.6744999886,0.2924000025,0.2953999937,0.3368999958,0.2779000103,0.2412,0.3046000004,0.2885999978,0.2800000012,0.3542000055,0.5856999755,0.2675999999,0.2585999966,0.3079000115,0.2754000127,0.3118000031,0.2861000001,0.274300009,0.2748000026,1.1319999695
H7,1.0751999617,0.1502999961,1.1865999699,1.0069999695,0.9847000241,1.0328999758,1.4531999826,1.130499959,0.9635000229,1.0140000582,1.1303999424,0.9488000274,0.9897999763,1.2095999718,1.1345000267,0.924399972,1.0341999531,1.1089999676,0.9667999744,1.0683000088,1.1684999466,0.9301000237,0.9201999903,1.0102000237,0.9423000216,1.1096999645,1.5118000507
A8,0.7827000022,0.2973999977,1.34010005,1.152799964,1.0449999571,1.0598000288,1.470600009,1.0154999495,0.7048000097,0.7357000113,0.9124000072,0.9337999821,0.7347999811,0.7246999741,0.5379999876,0.5442000031,0.7257000208,0.6578000188,0.5278000236,0.3698999882,0.4792999923,0.516900003,0.480399996,0.3716000021,0.715200007,0.6600000262,1.1497000456
B8,1.6147999763,0.1447000057,1.6622999907,1.6302000284,1.6765999794,1.7118999958,1.8028999567,1.6416000128,1.5657999516,1.5338000059,1.5710999966,1.5815000534,1.5616999865,1.4571000338,1.4196000099,1.7108000517,1.7433999777,1.7508000135,1.9127999544,1.5310000181,1.4076999426,1.5464999676,1.6093000174,1.298699975,1.5068000555,1.6513999701,1.8842999935
C8,1.72239995,0.1074000001,1.8312000036,1.953099966,1.8465000391,1.7964999676,1.7460999489,1.8528000116,1.5831999779,1.6561000347,1.7224999666,1.7360999584,1.6993000507,1.6749000549,1.6116000414,1.4409999847,1.7627999783,1.736899972,1.6176999807,1.8219000101,1.7312999964,1.7503000498,1.7216999531,1.6937999725,1.5552999973,1.7699999809,1.7474000454
D8,1.4515999556,0.0966000035,1.4950000048,1.4990999699,1.4672000408,1.4370000362,1.5226999521,1.3964999914,1.3795000315,1.386500001,1.4747999907,1.6073999405,1.662899971,1.4477000237,1.3159999847,1.2920999527,1.3579000235,1.3777999878,1.3102999926,1.3521000147,1.4903000593,1.6075999737,1.5532000065,1.5189000368,1.492200017,1.4129999876,1.431499958
E8,1.4552999735,0.1187999994,1.7178000212,1.4889999628,1.3039000034,1.3838000298,1.5789999962,1.4562000036,1.310199976,1.2617000341,1.3859000206,1.4273999929,1.5576000214,1.462100029,1.4588999748,1.2546000481,1.3928999901,1.4817999601,1.4293999672,1.4938999414,1.3932000399,1.4112000465,1.3356000185,1.6042000055,1.5778000355,1.6137000322,1.6004999876
F8,1.5872000456,0.1356000006,1.679700017,1.6519999504,1.5683000088,1.4768999815,1.7486000061,1.3927999735,1.4149999619,1.4930000305,1.5196000338,1.7106000185,1.6377999783,1.5518000126,1.5414999723,1.4498000145,1.3625999689,1.4596999884,1.5851000547,1.7258000374,1.7488000393,1.5735000372,1.801699996,1.8329999447,1.7358000278,1.59739995,1.4200999737
G8,1.4450999498,0.1551000029,1.6071000099,1.4213000536,1.4042999744,1.5033999681,1.7269999981,1.6873999834,1.4363000393,1.2982000113,1.3890000582,1.3921999931,1.442800045,1.2189999819,1.2080999613,1.2762000561,1.7048000097,1.5728000402,1.2552000284,1.2749999762,1.3270000219,1.4299999475,1.4938999414,1.4185999632,1.4198000431,1.5015000105,1.7170000076
H8,0.7594000101,0.2204000056,0.9438999891,0.7896000147,0.730700016,0.9229999781,1.4616999626,0.9574999809,0.5184999704,0.5695000291,0.6377999783,0.752399981,0.6036999822,0.6761999726,0.6133000255,0.5164999962,1.0096000433,0.9815000296,0.5874000192,0.654399991,0.5884000063,0.6215999722,0.681400001,0.6154999733,0.6326000094,0.844900012,1.0741000175
A9,0.8019000292,0.2278999984,1.2196999788,0.9811000228,0.9254999757,1.022300005,1.2497999668,0.9409000278,0.706700027,0.8309000134,0.752300024,1.0805000067,0.5281999707,0.5927000046,0.4458000064,0.6240000129,0.6999999881,0.9348999858,0.6987000108,0.4264999926,0.7028999925,0.6402999759,0.6414999962,0.5526999831,0.841899991,0.9674000144,1.0411000252
B9,1.3629000187,0.1360999942,1.6354999542,1.4386999607,1.4155999422,1.4587999582,1.6974999905,1.4450999498,1.3244999647,1.3516000509,1.2403999567,1.2559000254,1.1893999577,1.4246000051,1.3106000423,1.4514000416,1.3345999718,1.274600029,1.4018000364,1.5631999969,1.331099987,1.2565000057,1.2240999937,1.2999999523,1.2731000185,1.1036000252,1.369699955
C9,0.8560000062,0.1904000044,1.1826000214,0.8475999832,0.7572000027,1.0590000153,1.4486000538,0.9629999995,0.7472000122,0.709800005,1.070299983,0.8173999786,0.7710999846,0.9136000276,0.7972000241,0.6317999959,0.7127000093,0.8675000072,0.5816000104,0.8465999961,0.7779999971,0.8199999928,0.8169999719,0.7896999717,0.7332999706,0.668299973,1.0693000555
D9,1.1832000017,0.2736999989,0.9955000281,0.9316999912,1.4529999495,1.5089999437,1.5690000057,1.5743999481,1.3693000078,0.9064000249,0.738499999,1.054700017,1.0421999693,0.6782000065,0.9476000071,1.4778000116,1.3561999798,1.293200016,1.2805999517,1.2676999569,0.8837000132,1.306499958,1.3643000126,0.9090999961,0.9165999889,1.2080999613,1.5477000475
E9,1.1449999809,0.3328999877,1.4654999971,1.3447999954,0.7272999883,1.2842999697,1.7346999645,1.3610999584,1.0288000107,1.6428999901,0.8539999723,0.8743000031,0.7950999737,0.6638000011,1.5664000511,1.6727000475,0.9542999864,0.7912999988,1.4494999647,1.3126000166,0.8180999756,0.8237000108,0.7997000217,1.0046000481,1.2345999479,1.0501999855,1.3708000183
F9,1.644299984,0.2069000006,1.6912000179,1.5900000334,1.6008000374,1.5659999847,1.6744999886,1.4929000139,1.3061000109,1.8458000422,1.668200016,1.1783000231,1.429700017,1.9096000195,2.1303999424,1.744699955,1.4644999504,1.6603000164,1.7295999527,1.9854999781,1.6862000227,1.5555000305,1.7189999819,1.6856000423,1.5254000425,1.4502999783,1.8183000088
G9,1.0654000044,0.1413999945,1.2546000481,1.0822000504,1.0398999453,1.1318000555,1.5120999813,1.1663999557,0.8859999776,0.9096000195,1.0157999992,0.9735000134,0.9919999838,1.0134999752,1.0006999969,0.9222999811,1.0240000486,1.1384999752,1.013100028,0.9987999797,0.9495000243,0.9818999767,1.0645999908,1.0207999945,1.0549000502,1.1239000559,1.3636000156
H9,0.9937999845,0.1527999938,1.1512999535,0.9291999936,0.9526000023,1.1188000441,1.4909000397,1.0669000149,0.9283000231,0.9071999788,0.981400013,0.9682000279,0.9582999945,1.1720000505,0.9201999903,0.8335000277,1.046900034,0.9934999943,0.7865999937,0.8937000036,0.8640000224,0.981400013,1.0403000116,0.7757999897,0.9107000232,0.9484000206,1.2244999409
A10,0.7591000199,0.3097000122,1.0312999487,0.5620999932,0.8932999969,1.2136000395,1.4895999432,0.9300000072,0.5281000137,0.5083000064,0.5623000264,0.7505000234,0.7515000105,0.5789999962,0.4334000051,0.4419000149,0.7856000066,1.1919000149,0.5139999986,0.4305000007,0.5982000232,0.7555000186,0.7103999853,0.46450001,0.5254999995,0.8851000071,1.4415999651
B10,1.5262000561,0.1445000023,1.5585000515,1.5755000114,1.5544999838,1.7613999844,1.6272000074,1.4754999876,1.4873000383,1.6295000315,1.549200058,1.5412000418,1.3141000271,1.3630000353,1.4965000153,1.6469000578,1.5295000076,1.6337000132,1.6829999685,1.5075000525,1.4096000195,1.3442000151,1.1272000074,1.3831000328,1.5442999601,1.7254999876,1.6864000559
C10,0.9271000028,0.170599997,1.0498000383,0.9258000255,1.024799943,0.94599998,1.4544999599,1.2697000504,1.0487999916,0.7588000298,1.0528000593,0.9674999714,0.7235999703,0.8073999882,0.7466999888,0.9229000211,0.7705000043,0.8727999926,0.8112000227,0.7843999863,0.7967000008,0.9325000048,0.9508000016,0.8981000185,0.828700006,0.7756999731,1.0579999685
D10,0.8154000044,0.3027000129,0.8144999743,0.6284999847,0.6098999977,1.152799964,1.5752999783,0.8790000081,0.5016999841,0.5013999939,0.4535000026,0.5012999773,0.529399991,0.6377000213,0.8809999824,0.5267999768,0.8490999937,1.0485999584,0.5221999884,1.0958000422,0.9434999824,0.6622999907,0.8080000281,0.9129999876,1.1283999681,0.7519999743,1.4688999653
E10,1.6211999655,0.0691,1.6244000196,1.5831999779,1.4373999834,1.5908999443,1.685199976,1.5837999582,1.5921000242,1.5356999636,1.7252999544,1.5970000029,1.6857000589,1.6605000496,1.5808999538,1.7074999809,1.704300046,1.6080000401,1.6153000593,1.7654000521,1.5908000469,1.5688999891,1.5559999943,1.6599999666,1.6477999687,1.5994000435,1.6248999834
F10,0.6571999788,0.2176000029,0.8903999925,0.5914000273,0.5821999907,0.8159000278,1.380300045,0.8820999861,0.5443000197,0.5058000088,0.4859000146,0.5217000246,0.5135999918,0.5800999999,0.5080000162,0.5224000216,0.6399000287,0.6856999993,0.5274000168,0.5643000007,0.8328999877,0.5248000026,0.6086000204,0.5152000189,0.5271999836,0.5737000108,1.1067999601
G10,1.4801000357,0.1256999969,1.6107000113,1.5568000078,1.540899992,1.6728999615,1.8350000381,1.5772000551,1.5052000284,1.3808000088,1.3806999922,1.5255999565,1.4112000465,1.3128000498,1.2591999769,1.3833999634,1.5656000376,1.5029000044,1.344900012,1.3588000536,1.369699955,1.4829000235,1.5404000282,1.4782999754,1.4493000507,1.4103000164,1.5464999676
H10,1.1599999666,0.1186999977,1.2551000118,1.0944000483,1.1227999926,1.2051999569,1.5197999477,1.2632000446,1.1553000212,1.1698000431,1.1648000479,1.1274000406,1.0591000319,1.2582000494,1.1340999603,1.1164000034,1.1478999853,1.0665999651,1.1145999432,1.0290999413,1.3384000063,1.2101000547,1.1039999723,1.1430000067,0.8866000175,1.0649000406,1.2503000498
A11,0.679099977,0.2493000031,1.1636999846,0.8026000261,0.6725999713,0.7218999863,1.2798999548,0.9623000026,0.5877000093,0.5579000115,0.5440000296,0.7109000087,0.6579999924,0.4323999882,0.4065000117,0.5667999983,0.7903000116,0.8779000044,0.5105000138,0.3481000066,0.431400001,0.587100029,0.6441000104,0.6194999814,0.4237000048,0.5013999939,1.1762000322
B11,1.4954999685,0.1137000024,1.7348999977,1.7481000423,1.5436999798,1.511500001,1.6247999668,1.5070999861,1.4233000278,1.5319000483,1.5279999971,1.4362000227,1.3682999611,1.4641000032,1.4733999968,1.4673999548,1.4933999777,1.5020999908,1.3861999512,1.3543000221,1.3568999767,1.4156999588,1.5801999569,1.475900054,1.3652000427,1.3854999542,1.7099000216
C11,1.9091000557,0.1138999984,2.109400034,1.9172999859,1.9125000238,1.9009000063,2.0186998844,2.0178999901,1.8531999588,1.8921999931,1.8811999559,2.0348000526,2.048899889,1.8049000502,1.8430999517,1.9191000462,2.0420000553,2.064800024,1.8732999563,1.7245999575,1.7042000294,1.8032000065,1.9018000364,1.7884999514,1.7882000208,1.8181999922,2.0652000904
D11,1.1825000048,0.1615999937,1.3703000546,1.1931999922,1.1218999624,1.1776000261,1.4957000017,1.2266999483,1.1220999956,0.8772000074,1.0088000298,1.0247000456,1.144299984,1.0674999952,1.0003000498,1.2070000172,1.0290000439,1.2028000355,1.1470999718,0.9685999751,1.1981999874,1.3252999783,1.2580000162,1.2588000298,1.2107000351,1.3483999968,1.5770000219
E11,1.3932000399,0.1055999994,1.5343999863,1.3839000463,1.3775999546,1.4529000521,1.5835000277,1.4565000534,1.2757999897,1.2984999418,1.3396999836,1.4048000574,1.4234000444,1.5737999678,1.4157999754,1.2117999792,1.3846999407,1.4550000429,1.2289999723,1.3159999847,1.4594000578,1.3554999828,1.3322999477,1.3098000288,1.2786999941,1.3741999865,1.6036000252
F11,1.1211999655,0.3637000024,1.4316999912,1.2034000158,1.334100008,1.6286000013,1.8398000002,1.7108000517,1.2862999439,0.6740999818,0.6650000215,1.0706000328,0.600300014,0.888899982,0.5217999816,1.0329999924,1.5541000366,1.4630000591,1.0920000076,0.7397000194,0.905099988,0.7839999795,0.9120000005,1.0304000378,1.0471999645,1.1734000444,1.4417999983
G11,1.671399951,0.132100001,1.7544000149,1.7609000206,1.7668999434,1.8466999531,1.8315000534,1.909700036,1.7039999962,1.5303000212,1.5063999891,1.6217999458,1.5240000486,1.6434999704,1.4941999912,1.6317000389,1.8861000538,1.7922999859,1.6348999739,1.4688999653,1.5500999689,1.5159000158,1.7069000006,1.5923999548,1.6054999828,1.6893999577,1.8164999485
H11,0.8470000029,0.1712000072,0.9562000036,0.8378000259,0.8338000178,0.9415000081,1.4250999689,1.0643999577,0.8766999841,0.8493999839,0.7261999846,0.7670999765,0.6058999896,0.7781999707,0.7529000044,0.8496999741,0.9394999743,0.9132000208,0.7742999792,0.7387999892,0.7139999866,0.7572000027,0.8694999814,0.6843000054,0.6385999918,0.7612000108,1.1183999777
A12,1.1625000238,0.1464000046,1.3246999979,1.1553000212,1.1739000082,1.2023999691,1.4809999466,1.46510005,1.0552999973,1.1409000158,1.057199955,1.1699999571,1.0040999651,1.0576000214,1.0511000156,1.0855000019,1.3862999678,1.2783000469,1.1174000502,0.9172000289,0.9574000239,1.0844000578,1.2369999886,1.0377999544,1.1146999598,1.2228000164,1.285599947
B12,0.962199986,0.1851000041,1.141299963,0.8482000232,0.9986000061,0.885800004,1.3954999447,0.8970999718,0.7990000248,0.8216000199,0.8758000135,0.9714000225,0.8532000184,1.0830999613,1.1524000168,1.2779999971,1.0140999556,0.915899992,1.1088000536,0.662899971,0.665199995,0.942900002,0.8126999736,0.9036999941,1.0893000364,1.2092000246,0.7293000221
C12,0.8945000172,0.1661999971,1.1805000305,1.037899971,0.75,0.8669999838,1.3293999434,1.0309000015,1.0182000399,0.7785000205,0.6718000174,0.9018999934,0.8248000145,0.9448999763,0.8639000058,0.8192999959,0.8877000213,0.7926999927,0.8130999804,0.836499989,1.1238000393,0.913500011,0.9197000265,0.7717000246,0.6146000028,0.6564000249,1.0151000023
D12,1.8437999487,0.0957000032,1.8375999928,1.8227000237,1.7178000212,1.7820999622,1.8114999533,1.9551999569,1.8087999821,1.6833000183,1.8131999969,1.757799983,1.730700016,1.6868000031,1.7434999943,1.8228000402,1.9472999573,1.9601000547,1.8919999599,1.8330999613,1.8327000141,1.8301000595,1.9936000109,1.9450999498,1.9371999502,1.9817999601,1.9689999819
E12,1.0048999786,0.1658000052,1.038599968,1.0220999718,1.2511999607,1.0937000513,1.0512000322,1.2444000244,0.7100999951,1.067999959,1.1448999643,0.9269999862,0.7785999775,1.0091999769,0.951300025,1.0295000076,1.1380000114,1.1148999929,0.7570000291,0.752300024,0.9325000048,0.8307999969,0.9690999985,1.0167000294,0.9018999934,0.9883999825,1.4004000425
F12,0.8461999893,0.2840999961,1.4378000498,1.1444000006,0.8109999895,1.0582000017,1.516100049,1.2328000069,0.6980999708,0.5752999783,0.7459999919,1.165899992,0.7513999939,0.5465999842,0.5982000232,0.6625999808,0.8723999858,0.8061000109,0.5866000056,0.6032999754,0.6416000128,0.6223999858,1.0310000181,0.6093999743,0.6223999858,0.7027000189,1.1131999493
G12,0.9157999754,0.144600004,1.0641000271,0.8982999921,0.8748999834,1.0678999424,1.3272999525,1.1182999611,0.8018000126,0.831099987,0.7926999927,0.7972999811,0.7767999768,0.9488000274,1.1318000555,0.8097000122,0.9333000183,0.8870999813,0.7843000293,0.9510999918,0.8852999806,0.7904999852,0.8809000254,0.8228999972,0.7717999816,0.826300025,1.1208000183
H12,0.7544999719,0.1691000015,1.0288000107,0.9487000108,0.7641999722,0.8934000134,1.2934000492,0.8446000218,0.7138000131,0.6902999878,0.8119000196,0.657400012,0.5773000121,0.5910999775,0.5782999992,0.7245000005,0.7950000167,0.8083999753,0.6585000157,0.7085999846,0.5924999714,0.5929999948,0.7752000093,0.6769999862,0.5909000039,0.6241000295,0.9222000241
